Sample Size,Classifier,Case1_Acc,Case1_TPR,Case1_FPR,Case1_Time,Case2_Acc,Case2_TPR,Case2_FPR,Case2_Time
6,RF,0.9088881702205391,0.978268608340516,0.8121212121212121,0.04484622478485108,0.08000000000000002,0.0,0.0,0.041705334186553956
6,OCSVM,0.8883286067172479,0.9694730020178058,0.9553030303030303,0.00627979040145874,0.9239999999999998,0.9998682476943348,0.9484848484848486,0.0009999871253967285
12,RF,0.9019210040420809,0.978089919880737,0.806060606060606,0.04711556434631348,0.08000000000000002,0.0,0.0,0.04195513725280762
12,OCSVM,0.8173986425607355,0.8935078481827017,0.890151515151515,0.011048173904418946,0.924909090909091,0.997562582345191,0.9106060606060608,0.0013502955436706543
24,RF,0.8943490755647552,0.9851969281792142,0.7560606060606061,0.05208911895751953,0.08000000000000002,0.0,0.0,0.04200016260147095
24,OCSVM,0.6983108216534047,0.7692923878412185,0.8090909090909092,0.01935974359512329,0.9286060606060605,0.9911725955204218,0.7909090909090908,0.0023999929428100584
