Sample Size,Classifier,Case1_Acc,Case1_TPR,Case1_FPR,Case1_Time,Case2_Acc,Case2_TPR,Case2_FPR,Case2_Time
6,RF,0.9070885011681048,0.9792192112323403,0.8424242424242424,0.07993741035461426,0.08000000000000002,0.0,0.0,0.07481040954589843
6,OCSVM,0.8848836236531576,0.9663134125703288,0.9613636363636362,0.004955887794494629,0.9235151515151513,0.9993412384716732,0.9484848484848485,0.0012005090713500977
12,RF,0.9048025203517783,0.9843714545586939,0.8356060606060606,0.10999211072921752,0.08000000000000002,0.0,0.0,0.08627787828445435
12,OCSVM,0.8106852553434702,0.8876406101966167,0.9053030303030305,0.007507944107055664,0.9248484848484846,0.9968379446640316,0.9030303030303031,0.000901484489440918
24,RF,0.8927868161784597,0.9837809622201469,0.7575757575757575,0.11792595386505127,0.08000000000000002,0.0,0.0,0.09152191877365112
24,OCSVM,0.7011507687970587,0.7741987001740864,0.8212121212121211,0.010171401500701904,0.9288484848484849,0.9911725955204217,0.7878787878787878,0.0014338970184326171
